Data Year - Fiscal_19,Ticker Symbol,Company Name,Return on Sales_19,Data Year - Fiscal_20,Return on Sales_20
2019,AAL,AMERICAN AIRLINES GROUP INC,0.036837965390665965,2020,-0.512487742977447
2019,PNW,PINNACLE WEST CAPITAL CORP,0.15508141399725572,2020,0.1534880855270531
2019,ABT,ABBOTT LABORATORIES,0.11556544633901705,2020,0.12988326398520572
2019,AMD,ADVANCED MICRO DEVICES,0.05066112019016491,2020,0.25504455597664655
2019,ALK,ALASKA AIR GROUP INC,0.0875754469878146,2020,-0.3712843522153674
2019,HON,HONEYWELL INTERNATIONAL INC,0.16734315835353727,2020,0.14642889971504733
2019,HES,HESS CORP,-0.0628175519630485,2020,-0.6627383758302978
2019,AEP,AMERICAN ELECTRIC POWER CO,0.12345290269513026,2020,0.1474746120588531
2019,AXP,AMERICAN EXPRESS CO,0.14374734155678434,2020,0.08210030116537907
2019,AFL,AFLAC INC,0.14770441235638607,2020,0.21034558661677305
2019,AIG,AMERICAN INTERNATIONAL GROUP,0.06789697830054756,2020,-0.1370911942432769
2019,AME,AMETEK INC,0.1669647151325458,2020,0.192165953124969
2019,AMGN,AMGEN INC,0.3356733156407842,2020,0.2857142857142857
2019,ADI,ANALOG DEVICES,0.2275072962820467,2020,0.217874138684318
2019,APA,APA CORP,-0.5657643312101911,2020,-1.1538461538461537
2019,AMAT,APPLIED MATERIALS INC,0.1852409638554217,2020,0.2103825136612022
2019,ADM,ARCHER-DANIELS-MIDLAND CO,0.02132826033160109,2020,0.027534768083288013
2019,ADSK,AUTODESK INC,0.06551018538313533,2020,0.3187526382439848
2019,AVY,AVERY DENNISON CORP,0.04294140111172402,2020,0.07973893710105429
2019,BLL,BALL CORP,0.049328917552727905,2020,0.04965622612681436
2019,BK,BANK OF NEW YORK MELLON CORP,0.22197230969160794,2020,0.21351829988193624
2019,BAX,BAXTER INTERNATIONAL INC,0.08810068649885583,2020,0.09440589394328792
2019,VZ,VERIZON COMMUNICATIONS INC,0.14609306275972941,2020,0.13875378043837497
2019,BRK.B,BERKSHIRE HATHAWAY,0.24881197226356339,2020,0.14854186462467162
2019,BBY,BEST BUY CO INC,0.035313259086117606,2020,0.03804324827557023
2019,BIO,BIO-RAD LABORATORIES INC,0.7607847870295749,2020,1.5142366451389093
2019,BA,BOEING CO,-0.007498408356716735,2020,-0.20241748499727222
2019,RHI,ROBERT HALF INTL INC,0.07481078066229073,2020,0.05994832648267763
2019,BMY,BRISTOL-MYERS SQUIBB CO,0.1315356664754255,2020,-0.2120278470294934
2019,CI,CIGNA CORP,0.03320776322552522,2020,0.052791231837020024
2019,CSX,CSX CORP,0.2790483371031247,2020,0.26126807143532077
2019,CPB,CAMPBELL SOUP CO,0.02602689034168003,2020,0.18732021631572893
2019,CAT,CATERPILLAR INC,0.11325278810408922,2020,0.07181182332087764
2019,LUMN,LUMEN TECHNOLOGIES INC,-0.2352127137181376,2020,-0.05948242564696794
2019,JPM,JPMORGAN CHASE & CO,0.25579615508839926,2020,0.22494459587808777
2019,CVX,CHEVRON CORP,0.02090587352089515,2020,-0.05867409046162314
2019,CHD,CHURCH & DWIGHT INC,0.14133602588521468,2020,0.16052534825769024
2019,CTAS,CINTAS CORP,0.12364462422654804,2020,0.15611508162903964
2019,KO,COCA-COLA CO,0.23936027478130198,2020,0.23465802386866177
2019,CL,COLGATE-PALMOLIVE CO,0.15083158095966354,2020,0.16362090947726307
2019,AON,AON PLC,0.13910832652319985,2020,0.1779324055666004
2019,CMCSA,COMCAST CORP,0.11985276569183602,2020,0.10171488161909543
2019,CMA,COMERICA INC,0.31385905161121297,2020,0.15319974143503556
2019,C,CITIGROUP INC,0.18754168720818953,2020,0.12434434164021521
2019,DXC,DXC TECHNOLOGY CO,-0.2742503958727078,2020,-0.008404309323706921
2019,CAG,CONAGRA BRANDS INC,0.07599688811694891,2020,0.11612291791465125
2019,ED,CONSOLIDATED EDISON INC,0.10680769842532209,2020,0.08990690837824596
2019,CMS,CMS ENERGY CORP,0.09934258582907232,2020,0.11302395209580839
2019,COO,COOPER COS INC (THE),0.17588754051405742,2020,0.09807067341313916
2019,TAP,MOLSON COORS BEVERAGE CO,0.022846286178800308,2020,-0.09799365984118626
2019,GLW,CORNING INC,0.08345648961140573,2020,0.04488078541374474
2019,CMI,CUMMINS INC,0.09588053116117262,2020,0.09030336681641513
2019,DHR,DANAHER CORP,0.16795171709163592,2020,0.16361514988332435
2019,TGT,TARGET CORP,0.042003789430561246,2020,0.04668611921634014
2019,DE,DEERE & CO,0.08286209180294463,2020,0.07740574001125493
2019,DAL,DELTA AIR LINES INC,0.1014104282340928,2020,-0.7244808423515647
2019,DTE,DTE ENERGY CO,0.09227247612281948,2020,0.1123429416112343
2019,DG,DOLLAR GENERAL CORP,0.061704859336715503,2020,0.07867551683877712
2019,D,DOMINION ENERGY INC,0.08194545015689114,2020,-0.028295230031047135
2019,DOV,DOVER CORP,0.09499443486678222,2020,0.10225546698265647
2019,DD,DUPONT DE NEMOURS INC,0.02314986984008925,2020,-0.14467813894200127
2019,OMC,OMNICOM GROUP,0.08954974354173213,2020,0.0717783632346577
2019,DUK,DUKE ENERGY CORP,0.14944774512540374,2020,0.05732722731057452
2019,FLS,FLOWSERVE CORP,0.06430358568766874,2020,0.03120220464178594
2019,PKI,PERKINELMER INC,0.07891255353849067,2020,0.19242296268979273
2019,ETN,EATON CORP PLC,0.10336605890603086,2020,0.07895621010191511
2019,ECL,ECOLAB INC,0.10457994270878757,2020,-0.10221200658173736
2019,EFX,EQUIFAX INC,-0.11305136636806895,2020,0.12600847970926712
2019,EXPD,EXPEDITORS INTL WASH INC,0.07221580869302713,2020,0.06881246552037215
2019,XOM,EXXON MOBIL CORP,0.056107018072407006,2020,-0.1256621904644573
2019,FMC,FMC CORP,0.10356197665842334,2020,0.11880398957368432
2019,NEE,NEXTERA ENERGY INC,0.19626119558425328,2020,0.16219369894982497
2019,FDX,FEDEX CORP,0.018579250762096017,2020,0.06230421991686418
2019,FRT,FEDERAL REALTY INVESTMENT TR,0.3784493102983609,2020,0.1564155976181258
2019,FITB,FIFTH THIRD BANCORP,0.28224719101123596,2020,0.1700631629126445
2019,RF,REGIONS FINANCIAL CORP,0.23419689119170983,2020,0.1650075414781297
2019,MTB,M & T BANK CORP,0.2779244207689887,2020,0.21543040803317098
2019,USB,US BANCORP,0.25302836230558096,2020,0.19646606711303038
2019,F,FORD MOTOR CO,0.00030147530468248876,2020,-0.010059460139684138
2019,AJG,ARTHUR J GALLAGHER & CO,0.09295343988881166,2020,0.11691130275858129
2019,GPS,GAP INC,0.02142464750045779,2020,-0.04818840579710145
2019,GD,GENERAL DYNAMICS CORP,0.08853875476493012,2020,0.08350692155570204
2019,GE,GENERAL ELECTRIC CO,-0.05229273006070536,2020,0.07165375098908552
2019,GIS,GENERAL MILLS INC,0.12374479479877004,2020,0.12907817068461414
2019,GM,GENERAL MOTORS CO,0.049053826591954064,2020,0.052471731232395805
2019,GPC,GENUINE PARTS CO,0.032027394371117825,2020,-0.0017597652549824387
2019,GWW,GRAINGER (W W) INC,0.07391607173950897,2020,0.058913283038060524
2019,HAL,HALLIBURTON CO,-0.05047304534094966,2020,-0.2038767739702319
2019,HAS,HASBRO INC,0.11026037518958304,2020,0.04071380856044057
2019,WELL,WELLTOWER INC,0.23867042105140848,2020,0.21289010336058936
2019,KHC,KRAFT HEINZ CO,0.07747127357168596,2020,0.013595569982814588
2019,HSY,HERSHEY CO,0.1439588933582361,2020,0.156902096869843
2019,HPQ,HP INC,0.053645585131731226,2020,0.05021275093133706
2019,HLT,HILTON WORLDWIDE HOLDINGS,0.09320778671180703,2020,-0.1660088228465289
2019,HFC,HOLLYFRONTIER CORP,0.04417033452743012,2020,-0.05377925600808252
2019,HD,HOME DEPOT INC,0.10199138126559311,2020,0.09738853985315267
2019,HRL,HORMEL FOODS CORP,0.10306131721200841,2020,0.09450856963372495
2019,CNP,CENTERPOINT ENERGY INC,0.06430371514511016,2020,-0.10420598544081963
2019,JBHT,HUNT (JB) TRANSPRT SVCS INC,0.05633447525426999,2020,0.052511925141852815
2019,HBAN,HUNTINGTON BANCSHARES,0.250177304964539,2020,0.15612459392317982
2019,ITW,ILLINOIS TOOL WORKS,0.17868027500177192,2020,0.16772705582948944
2019,TT,TRANE TECHNOLOGIES PLC,0.08499960840778606,2020,0.06864075409283242
2019,INTC,INTEL CORP,0.2924755089279511,2020,0.26839354283586114
2019,IBM,INTL BUSINESS MACHINES CORP,0.1222471385795948,2020,0.07593045368106492
2019,IFF,INTL FLAVORS & FRAGRANCES,0.08868979573096471,2020,0.07144196014388782
2019,IP,INTL PAPER CO,0.054746156596353235,2020,0.023420796890184645
2019,IPG,INTERPUBLIC GROUP OF COS,0.06417970316887285,2020,0.038748482507449514
2019,JNJ,JOHNSON & JOHNSON,0.1842454819093579,2020,0.17817010558946042
2019,KMI,KINDER MORGAN INC,0.16579604814898932,2020,0.010170940170940172
2019,KSU,KANSAS CITY SOUTHERN,0.18803210048848568,2020,0.2343690648028565
2019,EVRG,EVERGY INC,0.1301332608104433,2020,0.12583954084747834
2019,K,KELLOGG CO,0.07070260715863898,2020,0.09084967320261438
2019,KMB,KIMBERLY-CLARK CORP,0.11691056910569106,2020,0.12288401253918495
2019,KR,KROGER CO,0.01356655708748344,2020,0.019509728448731303
2019,LEG,LEGGETT & PLATT INC,0.07023671751709627,2020,0.057847764123171816
2019,LLY,LILLY (ELI) & CO,0.3726965209794126,2020,0.25239407004132064
2019,LNC,LINCOLN NATIONAL CORP,0.05140403805987468,2020,0.028940958125507482
2019,LMT,LOCKHEED MARTIN CORP,0.10415970039456965,2020,0.10448331753264625
2019,L,LOEWS CORP,0.06339704781987619,2020,-0.06829017824396684
2019,LOW,LOWE'S COS INC,0.059336364140378114,2020,0.06512494837996807
2019,MRO,MARATHON OIL CORP,0.09617311160088159,2020,-0.4516028633675693
2019,HST,HOST HOTELS & RESORTS INC,0.16681776971894832,2020,-0.45807259073842305
2019,MMC,MARSH & MCLENNAN COS,0.10461205861157818,2020,0.11704598235020901
2019,MAS,MASCO CORP,0.13910839421499926,2020,0.16986644407345575
2019,MCD,MCDONALD'S CORP,0.2858823808507105,2020,0.24628015701954414
2019,SPGI,S&P GLOBAL INC,0.3169129720853859,2020,0.31429723192690134
2019,MCK,MCKESSON CORP,0.003895243907189322,2020,-0.019053175949090787
2019,CVS,CVS HEALTH CORP,0.02583574788921083,2020,0.026747491607643843
2019,MRK,MERCK & CO,0.21014090520922288,2020,0.1472475726132433
2019,MU,MICRON TECHNOLOGY INC,0.2697171665384944,2020,0.12535572661534872
2019,ETR,ENTERGY CORP,0.11566153335062096,2020,0.1390847960120376
2019,MMM,3M CO,0.14220811550908638,2020,0.1672880934625901
2019,MSI,MOTOROLA SOLUTIONS INC,0.1100545200963611,2020,0.1280010790396547
2019,VTRS,VIATRIS INC,0.0014608060519107865,2020,-0.05607734806629834
2019,BAC,BANK OF AMERICA CORP,0.24148465080245446,2020,0.1908632257101106
2019,NWL,NEWELL BRANDS INC,0.010972835541281948,2020,-0.08204581779435269
2019,NEM,NEWMONT CORP,0.2879876796714579,2020,0.24606419065843263
2019,NKE,NIKE INC  -CL B,0.06788225543405609,2020,0.12858682473393507
2019,NSC,NORFOLK SOUTHERN CORP,0.24097025495750707,2020,0.2056389825314128
2019,ES,EVERSOURCE ENERGY,0.10661539886963774,2020,0.1353446542900556
2019,NI,NISOURCE INC,0.07354719806485055,2020,-0.003759318196381657
2019,XEL,XCEL ENERGY INC,0.11900425015179114,2020,0.1277980218636127
2019,NTRS,NORTHERN TRUST CORP,0.21641455526388303,2020,0.19191887130818427
2019,NOC,NORTHROP GRUMMAN CORP,0.06642829703613959,2020,0.086659963585967
2019,WFC,WELLS FARGO & CO,0.1908094443305711,2020,0.041106807964833195
2019,NUE,NUCOR CORP,0.056273008577945816,2020,0.03582334913532296
2019,OXY,OCCIDENTAL PETROLEUM CORP,-0.0327073015250331,2020,-0.8327811780560391
2019,FE,FIRSTENERGY CORP,0.08264612596284548,2020,0.1
2019,OKE,ONEOK INC,0.12579012544509657,2020,0.07173866064670141
2019,PNC,PNC FINANCIAL SVCS GROUP INC,0.24828893821679615,2020,0.41041506954331397
2019,PPG,PPG INDUSTRIES INC,0.08202454797413224,2020,0.07651181273029406
2019,PCAR,PACCAR INC,0.09327843685668191,2020,0.06932749552820568
2019,SRE,SEMPRA ENERGY,0.20297349709114415,2020,0.345910290237467
2019,PAYX,PAYCHEX INC,0.2717732953842346,2020,0.27053342535988956
2019,PPL,PPL CORP,0.22473934869352555,2020,0.19311160772972263
2019,PNR,PENTAIR PLC,0.12028269985121061,2020,0.11882828550599775
2019,PEP,PEPSICO INC,0.10890248805110109,2020,0.10117660433126811
2019,PFE,PFIZER INC,0.3144541062801932,2020,0.22945499665934904
2019,EXC,EXELON CORP,0.08525466054939311,2020,0.05941463119343806
2019,MO,ALTRIA GROUP INC,-0.06531622550010104,2020,0.21433712393839066
2019,COP,CONOCOPHILLIPS,0.2207449258451807,2020,-0.14379258943781942
2019,PVH,PVH CORP,0.04211323039660914,2020,-0.15928273000028037
2019,PEG,PUBLIC SERVICE ENTRP GRP INC,0.16802302500992458,2020,0.19837550765385817
2019,PHM,PULTEGROUP INC,0.0995500127925732,2020,0.12747630907418048
2019,ROL,ROLLINS INC,0.10089274151974942,2020,0.12068368791700985
2019,ROST,ROSS STORES INC,0.10355511194443719,2020,0.006813354916165699
2019,SLB,SCHLUMBERGER LTD,-0.3079563751253152,2020,-0.44565908224227785
2019,SEE,SEALED AIR CORP,0.05489344826866481,2020,0.10256567139827051
2019,SHW,SHERWIN-WILLIAMS CO,0.08610229710404005,2020,0.11057799659072962
2019,AOS,SMITH (A.O.),0.12363417649614061,2020,0.1191240976755431
2019,SNA,SNAP-ON INC,0.17048946579147922,2020,0.15904824717163007
2019,KEY,KEYCORP,0.22316090460098778,2020,0.18304484121575576
2019,EIX,EDISON INTERNATIONAL,0.11379282416781404,2020,0.06414788628664016
2019,SO,SOUTHERN CO,0.22195247210420654,2020,0.1538159509202454
2019,LUV,SOUTHWEST AIRLINES,0.10255038344925986,2020,-0.33974358974358976
2019,T,AT&T INC,0.07669985932198714,2020,-0.030135072193758734
2019,SWK,STANLEY BLACK & DECKER INC,0.06618105274819625,2020,0.08488709699613337
2019,STT,STATE STREET CORP,0.17074099459294798,2020,0.20036429872495445
2019,PSA,PUBLIC STORAGE,0.5163443703931601,2020,0.4497227862664221
2019,SYK,STRYKER CORP,0.13994893845740392,2020,0.11142080691241028
2019,TFX,TELEFLEX INC,0.17780409823369533,2020,0.13216530635089052
2019,TER,TERADYNE INC,0.20369286677574602,2020,0.25121088820680265
2019,TXN,TEXAS INSTRUMENTS INC,0.3488145727595078,2020,0.38690270382407854
2019,TXT,TEXTRON INC,0.05979457079970653,2020,0.026521328641318342
2019,TMO,THERMO FISHER SCIENTIFIC INC,0.14470284237726097,2020,0.19787075547830404
2019,GL,GLOBE LIFE INC,0.16803636064858293,2020,0.1544295676635599
2019,TYL,TYLER TECHNOLOGIES INC,0.13487054353398803,2020,0.17446624451602677
2019,UAL,UNITED AIRLINES HOLDINGS INC,0.06955777988395478,2020,-0.46037121458808206
2019,AEE,AMEREN CORP,0.1401015228426396,2020,0.15032792544011045
2019,UNP,UNION PACIFIC CORP,0.2726644555002764,2020,0.27384426355398556
2019,UDR,UDR INC,0.14168460401234803,2020,0.05075168820871796
2019,UNH,UNITEDHEALTH GROUP INC,0.057149346492948734,2020,0.05990098817380348
2019,UPS,UNITED PARCEL SERVICE INC,0.059923880476151915,2020,0.015869452190764285
2019,RTX,RAYTHEON TECHNOLOGIES CORP,0.07186615787970822,2020,-0.06218742820789227
2019,UHS,UNIVERSAL HEALTH SVCS INC,0.07161499839298789,2020,0.08469062651485115
2019,VFC,VF CORP,0.06486817644399093,2020,0.04414725674138392
2019,VNO,VORNADO REALTY TRUST,1.6384394540785363,2020,-0.3029482385437513
2019,VMC,VULCAN MATERIALS CO,0.12530920940382054,2020,0.12034196819074845
2019,WMT,WALMART INC,0.028539044850084194,2020,0.024257855074129205
2019,WBA,WALGREENS BOOTS ALLIANCE INC,0.02909415048295413,2020,0.0032679504360850526
2019,WST,WEST PHARMACEUTICAL SVSC INC,0.13136583509973368,2020,0.16125576412501746
2019,WY,WEYERHAEUSER CO,-0.011595971925541654,2020,0.10581518852894317
2019,WHR,WHIRLPOOL CORP,0.057985209853567754,2020,0.05556126644736842
2019,WMB,WILLIAMS COS INC,0.10364589684184855,2020,0.027335147039771992
2019,WEC,WEC ENERGY GROUP INC,0.1508952426526299,2020,0.1658588452987558
2019,LNT,ALLIANT ENERGY CORP,0.15555007264851825,2020,0.18266978922716628
2019,XRX,XEROX HOLDINGS CORP,0.14923891462607544,2020,0.027342637425234975
2019,TJX,TJX COS INC (THE),0.07843792228760968,2020,0.0028151385311405604
2019,ZION,ZIONS BANCORPORATION NA,0.2514637904468413,2020,0.1832087015635622
2019,TFC,TRUIST FINANCIAL CORP,0.21958861190573492,2020,0.18344042892808907
2019,MS,MORGAN STANLEY,0.16799509503372165,2020,0.2112705823582531
2019,TROW,PRICE (T. ROWE) GROUP,0.37937663539756855,2020,0.3822804388805645
2019,ORCL,ORACLE CORP,0.25941947373809765,2020,0.3395834877343808
2019,IT,GARTNER INC,0.05495226391596772,2020,0.06506923081238902
2019,NVR,NVR INC,0.11826692595836381,2020,0.11911753043864426
2019,FISV,FISERV INC,0.08766074408559929,2020,0.06450309722596283
2019,UNM,UNUM GROUP,0.09169472315743857,2020,0.060245540462515575
2019,CERN,CERNER CORP,0.0930074458094529,2020,0.1416850775947058
2019,PEAK,HEALTHPEAK PROPERTIES INC,0.022893685405665245,2020,0.26203465046671176
2019,PGR,PROGRESSIVE CORP-OHIO,0.10180856819761167,2020,0.1337911398491021
2019,CDNS,CADENCE DESIGN SYSTEMS INC,0.4233064919644963,2020,0.220152067303517
2019,DRE,DUKE REALTY CORP,0.42258837993273607,2020,0.29787071329465875
2019,ABMD,ABIOMED INC,0.2414235987646319,2020,0.266099287098152
2019,XRAY,DENTSPLY SIRONA INC,0.06524868460240246,2020,-0.02483542788749252
2019,VIAC,VIACOMCBS INC,0.11894146411620883,2020,0.09578801661063872
2019,ZTS,ZOETIS INC,0.2390057361376673,2020,0.2449528936742934
2019,SCHW,SCHWAB (CHARLES) CORP,0.31429783623249896,2020,0.2724419853001899
2019,FAST,FASTENAL CO,0.148283555505559,2020,0.15212579462752113
2019,FRC,FIRST REPUBLIC BANK,0.22381437770692564,2020,0.23611564119597792
2019,APH,AMPHENOL CORP,0.14041870304179738,2020,0.13994813290071986
2019,PXD,PIONEER NATURAL RESOURCES CO,0.07817185399648434,2020,-0.02847380410022779
2019,MGM,MGM RESORTS INTERNATIONAL,0.1586422507487012,2020,-0.19317864381077246
2019,WM,WASTE MANAGEMENT INC,0.10805564542219347,2020,0.09830463924300172
2019,FCX,FREEPORT-MCMORAN INC,-0.0164058209774849,2020,0.04218904070995915
2019,WRB,BERKLEY (W R) CORP,0.0870603633191974,2020,0.06596539921080685
2019,CINF,CINCINNATI FINANCIAL CORP,0.25201918223119635,2020,0.1613588110403397
2019,DVN,DEVON ENERGY CORP,-0.05707395498392283,2020,-0.5550952775476388
2019,LH,LABORATORY CP OF AMER HLDGS,0.07129504621456019,2020,0.11118573827301632
2019,VLO,VALERO ENERGY CORP,0.02357659472982313,2020,-0.02363802711469683
2019,IEX,IDEX CORP,0.17057869222508223,2020,0.160644076531927
2019,NLOK,NORTONLIFELOCK INC,1.5610441767068273,2020,0.2167449139280125
2019,ABBV,ABBVIE INC,0.23693861600432875,2020,0.10082124759741394
2019,PBCT,PEOPLE'S UNITED FINL INC,0.22580925106309122,2020,0.09839591361233084
2019,EOG,EOG RESOURCES INC,0.15973073709487942,2020,-0.05487141605033301
2019,EA,ELECTRONIC ARTS INC,0.5488531695864186,2020,0.14869426185823414
2019,SIVB,SVB FINANCIAL GROUP,0.3211596433405172,2020,0.29604106857878393
2019,TMUS,T-MOBILE US INC,0.07707009200408907,2020,0.044797286430691405
2019,IQV,IQVIA HOLDINGS INC,0.017225829725829724,2020,0.024562021304692313
2019,TWTR,TWITTER INC,0.42368303217184605,2020,-0.3055757142292072
2019,PAYC,PAYCOM SOFTWARE INC,0.2447920549947063,2020,0.17048633642091954
2019,KEYS,KEYSIGHT TECHNOLOGIES INC,0.14431791773181502,2020,0.14854299928926795
2019,COG,CABOT OIL & GAS CORP,0.3296121478388425,2020,0.1367282957322395
2019,SYF,SYNCHRONY FINANCIAL,0.19253892400184985,2020,0.08408207867897037
2019,ANET,ARISTA NETWORKS INC,0.3566867963160999,2020,0.2738095854519847
2019,CSCO,CISCO SYSTEMS INC,0.22389411220715166,2020,0.22745988925173932
2019,CFG,CITIZENS FINANCIAL GROUP INC,0.2220431440614927,2020,0.13770192808754558
2019,HCA,HCA HEALTHCARE INC,0.0682756739909615,2020,0.072846525527332
2019,XLNX,XILINX INC,0.2506496101706598,2020,0.2053971932256936
2019,ETSY,ETSY INC,0.11717553847300578,2020,0.20238812024628758
2019,AZO,AUTOZONE INC,0.13631625364777372,2020,0.13718940209390984
2019,REGN,REGENERON PHARMACEUTICALS,0.2690693593102221,2020,0.4134587094420449
2019,IDXX,IDEXX LABS INC,0.17770517194674662,2020,0.21494279839876154
2019,AES,AES CORP (THE),0.029737952694081853,2020,0.004761904761904762
2019,MNST,MONSTER BEVERAGE CORP,0.2637188129267174,2020,0.3055144112125307
2019,VRTX,VERTEX PHARMACEUTICALS INC,0.28269531646928847,2020,0.43696189444417316
2019,ZBRA,ZEBRA TECHNOLOGIES CP  -CL A,0.12129319955406911,2020,0.11313131313131314
2019,BIIB,BIOGEN INC,0.4095521599120873,2020,0.2975618463918599
2019,PYPL,PAYPAL HOLDINGS INC,0.13836371820841772,2020,0.19586091171809453
2019,ODFL,OLD DOMINION FREIGHT,0.14979347114254155,2020,0.16753683381032092
2019,KIM,KIMCO REALTY CORP,0.3266230326094047,2020,0.8826668571640235
2019,PRGO,PERRIGO CO PLC,0.03020217472195808,2020,-0.03197137126902355
2019,GILD,GILEAD SCIENCES INC,0.23992160007127267,2020,0.004981975778686865
2019,ROP,ROPER TECHNOLOGIES INC,0.32941417604531564,2020,0.17182609324962458
2019,SNPS,SYNOPSYS INC,0.15840984034845182,2020,0.18027037829679746
2019,MHK,MOHAWK INDUSTRIES INC,0.07464000420433045,2020,0.05397658779441002
2019,LIN,LINDE PLC,0.08094799489868217,2020,0.09180339903828506
2019,BSX,BOSTON SCIENTIFIC CORP,0.43782021425244527,2020,-0.008271966105114496
2019,STE,STERIS PLC,0.13448337867197643,2020,0.12788336933740388
2019,HPE,HEWLETT PACKARD ENTERPRISE,0.036004805217092845,2020,-0.011933881847157364
2019,FTV,FORTIVE CORP,0.10094262295081967,2020,0.3481141032280339
2019,HUM,HUMANA INC,0.04171803723338676,2020,0.04398662242311813
2019,INTU,INTUIT INC,0.22951061320754718,2020,0.23872401621126946
2019,MCHP,MICROCHIP TECHNOLOGY INC,0.10818702362443594,2020,0.06424683730508973
2019,CB,CHUBB LTD,0.13031393545744463,2020,0.09685555281410203
2019,ORLY,O'REILLY AUTOMOTIVE INC,0.13704867544139226,2020,0.15100202998959109
2019,RCL,ROYAL CARIBBEAN GROUP,0.17157749655477417,2020,-2.6247052139052567
2019,HWM,HOWMET AEROSPACE INC,0.033117249154453215,2020,0.04962920707358814
2019,CDW,CDW CORP,0.04085978571903906,2020,0.04269662921348315
2019,ALL,ALLSTATE CORP,0.1084946838276441,2020,0.12448929472438659
2019,FLIR,FLIR SYSTEMS INC,0.0909351540466321,2020,0.11050850735227992
2019,EQR,EQUITY RESIDENTIAL,0.35038579820636057,2020,0.35489885625764267
2019,BWA,BORGWARNER INC,0.07336742722265932,2020,0.04918839153959666
2019,LW,LAMB WESTON HOLDINGS INC,0.09644175013178703,2020,0.0865350578624915
2019,MAR,MARRIOTT INTL INC,0.06069998092695022,2020,-0.025105782792665725
2019,COST,COSTCO WHOLESALE CORP,0.023961546269555937,2020,0.023998416896036844
2019,REG,REGENCY CENTERS CORP,0.2003325069467512,2020,0.04267242362711324
2019,INCY,INCYTE CORP,0.20701986650663645,2020,-0.11088490577499847
2019,SPG,SIMON PROPERTY GROUP INC,0.34333784563990616,2020,0.23071839189510623
2019,EMN,EASTMAN CHEMICAL CO,0.08185053380782918,2020,0.056414493095715806
2019,MAA,MID-AMERICA APT CMNTYS INC,0.21252347866932483,2020,0.15098069172490652
2019,MLM,MARTIN MARIETTA MATERIALS,0.12911734295541347,2020,0.15243451235755515
2019,TSCO,TRACTOR SUPPLY CO,0.06733221335281625,2020,0.07052101474602725
2019,ALB,ALBEMARLE CORP,0.14855518722069008,2020,0.12009425649643374
2019,IVZ,INVESCO LTD,0.1125151208029555,2020,0.12392606092163498
2019,AVB,AVALONBAY COMMUNITIES INC,0.3370621531436374,2020,0.35870095670346874
2019,CPRT,COPART INC,0.2897676101896367,2020,0.3173342377049515
2019,PLD,PROLOGIS INC,0.44246236018331303,2020,0.31280713357337925
2019,IR,INGERSOLL RAND INC,0.06488845385211468,2020,-0.006781801148629384
2019,ESS,ESSEX PROPERTY TRUST,0.2714005840889812,2020,0.3548210239268889
2019,O,REALTY INCOME CORP,0.29262847523215146,2020,0.239452660258836
2019,FTI,TECHNIPFMC PLC,-0.18011648805661826,2020,-0.2541159738432761
2019,COF,CAPITAL ONE FINANCIAL CORP,0.16356504556581236,2020,0.08586705476634923
2019,DLTR,DOLLAR TREE INC,0.03502634387653108,2020,0.05260434429796192
2019,DRI,DARDEN RESTAURANTS INC,-0.006712011169606374,2020,0.08745014660719
2019,BKR,BAKER HUGHES CO,0.005369577984730263,2020,-0.48007727602028494
2019,DOW,DOW INC,-0.03164070685199413,2020,0.031783508899382494
2019,CTVA,CORTEVA INC,-0.0692618806875632,2020,0.04790040092846592
2019,OTIS,OTIS WORLDWIDE CORP,0.0850739441988108,2020,0.07102539981185324
2019,CARR,CARRIER GLOBAL CORP,0.11371453138435082,2020,0.11354262144821264
2019,VNT,VONTIER CORP,0.15746185202554022,2020,0.12645123123567256
2019,DISH,DISH NETWORK CORP,0.10927127808587407,2020,0.11376902539688584
2019,WAB,WABTEC CORP,0.03925267331491049,2020,0.054843106893767944
2019,RE,EVEREST RE GROUP LTD,0.12423594098177138,2020,0.05416357082140425
2019,POOL,POOL CORP,0.08175452732396796,2020,0.09316055918994529
2019,DVA,DAVITA INC,0.07121065069356497,2020,0.06697848874396525
2019,HSIC,HENRY SCHEIN INC,0.06957217161203762,2020,0.03990397999197758
2019,WAT,WATERS CORP,0.24607287637808756,2020,0.22050338954030355
2019,CTXS,CITRIX SYSTEMS INC,0.2264735112756281,2020,0.1558519479716996
2019,HIG,HARTFORD FINANCIAL SERVICES,0.101806640625,2020,0.08550332266797933
2019,ALXN,ALEXION PHARMACEUTICALS INC,0.481717457073591,2020,0.09940855697787443
2019,IRM,IRON MOUNTAIN INC,0.0627265058002376,2020,0.08263098375557895
2019,TRV,TRAVELERS COS INC,0.08302460340077895,2020,0.0843313217222726
2019,ANSS,ANSYS INC,0.2977092035580371,2020,0.25806683768542976
2019,NOV,NOV INC,-0.718834768250973,2020,-0.4174055829228243
2019,DGX,QUEST DIAGNOSTICS INC,0.11105358529640176,2020,0.15163717283034864
2019,TTWO,TAKE-TWO INTERACTIVE SFTWR,0.13093652576748885,2020,0.1746000026091298
2019,AMZN,AMAZON.COM INC,0.04130870306072251,2020,0.05525249699531684
2019,ARE,ALEXANDRIA R E EQUITIES INC,0.20918690912107113,2020,0.3330123977044679
2019,QRVO,QORVO INC,0.10321409287215344,2020,0.18270358904063874
2019,RL,RALPH LAUREN CORP,0.06238838923341667,2020,-0.027517724050172693
2019,BXP,BOSTON PROPERTIES INC,0.17198096626227116,2020,0.31708845720364753
2019,SLG,SL GREEN REALTY CORP,0.22375788204709413,2020,0.3675529554405623
2019,YUM,YUM BRANDS INC,0.23119528318742183,2020,0.1599433828733192
2019,CHRW,C H ROBINSON WORLDWIDE INC,0.03768690672489279,2020,0.03124684937582317
2019,MTD,METTLER-TOLEDO INTL INC,0.18649847174083278,2020,0.1953661005511191
2019,URI,UNITED RENTALS INC,0.12554806972516308,2020,0.10433763188745604
2019,VRSN,VERISIGN INC,0.49713273376359235,2020,0.6441537581063862
2019,PWR,QUANTA SERVICES INC,0.03306023795996909,2020,0.039775867757263626
2019,NLSN,NIELSEN HOLDINGS PLC,-0.06386580486303478,2020,-0.0009538950715421304
2019,NCLH,NORWEGIAN CRUISE LINE HLDGS,0.14394519910324002,2020,-3.1350018907608987
2019,AMT,AMERICAN TOWER CORP,0.24904027545083968,2020,0.2102344090032954
2019,VTR,VENTAS INC,0.11188188190257284,2020,0.11565071219564095
2019,CTSH,COGNIZANT TECH SOLUTIONS,0.1097539176547697,2020,0.08359356233485467
2019,RSG,REPUBLIC SERVICES INC,0.10420995397790163,2020,0.09525685471162937
2019,CCI,CROWN CASTLE INTL CORP,0.14922783272601076,2020,0.18082191780821918
2019,EBAY,EBAY INC,0.16537037037037036,2020,0.551747638983546
2019,GS,GOLDMAN SACHS GROUP INC,0.15700456214532102,2020,0.17681034805039442
2019,NVDA,NVIDIA CORP,0.2560908591317091,2020,0.25979010494752625
2019,APTV,APTIV PLC,0.06895591000905482,2020,0.13806826878922393
2019,BKNG,BOOKING HOLDINGS INC,0.32291251825302003,2020,0.008625730994152047
2019,SBAC,SBA COMMUNICATIONS CORP,0.07296124131050384,2020,0.011571004897419182
2019,JNPR,JUNIPER NETWORKS INC,0.07760831421244434,2020,0.057996445524285165
2019,BLK,BLACKROCK INC,0.30786161359103104,2020,0.30435050910212896
2019,AKAM,AKAMAI TECHNOLOGIES INC,0.16520327327355347,2020,0.17418012731739516
2019,CHTR,CHARTER COMMUNICATIONS INC,0.03644786294904292,2020,0.06654687403184832
2019,EXPE,EXPEDIA GROUP INC,0.04682191099693379,2020,-0.5024043085208694
2019,A,AGILENT TECHNOLOGIES INC,0.2074375363160953,2020,0.13466941374789287
2019,TDY,TELEDYNE TECHNOLOGIES INC,0.12716525477304338,2020,0.13022487201088717
2019,PKG,PACKAGING CORP OF AMERICA,0.09999569231652858,2020,0.0692379321738608
2019,EW,EDWARDS LIFESCIENCES CORP,0.24077736890524382,2020,0.18772085812643913
2019,MET,METLIFE INC,0.08458075246616197,2020,0.079624775424852
2019,NRG,NRG ENERGY INC,0.4518888096935139,2020,0.056087099967007586
2019,ISRG,INTUITIVE SURGICAL INC,0.30798258345428153,2020,0.23895998558038933
2019,ILMN,ILLUMINA INC,0.28281117696867064,2020,0.20253164556962025
2019,EQIX,EQUINIX INC,0.09123287080152602,2020,0.06164444877882886
2019,MCO,MOODY'S CORP,0.29447090494926487,2020,0.3310370508285235
2019,ALGN,ALIGN TECHNOLOGY INC,0.18396906094243137,2020,0.7184184412168414
2019,GRMN,GARMIN LTD,0.2534889507798393,2020,0.2370253665707011
2019,GPN,GLOBAL PAYMENTS INC,0.08766744057076174,2020,0.07873852403389318
2019,MDLZ,MONDELEZ INTERNATIONAL INC,0.14960569042832844,2020,0.1337421466461006
2019,PRU,PRUDENTIAL FINANCIAL INC,0.0645539363096615,2020,-0.006557836965860672
2019,ACN,ACCENTURE PLC,0.11058916029945427,2020,0.11523077370451025
2019,WLTW,WILLIS TOWERS WATSON PLC,0.11549950215731829,2020,0.10650128314798973
2019,ZBH,ZIMMER BIOMET HOLDINGS INC,0.14176542807747236,2020,-0.019773649370061926
2019,ANTM,ANTHEM INC,0.04612668285146767,2020,0.03751630876283161
2019,CNC,CENTENE CORP,0.01769852222028698,2020,0.0162714304999325
2019,PFG,PRINCIPAL FINANCIAL GRP INC,0.0871396784919623,2020,0.09561714778939293
2019,AAP,ADVANCE AUTO PARTS INC,0.05014891848318514,2020,0.048783429697117284
2019,NFLX,NETFLIX INC,0.09262128389988572,2020,0.11047322825648974
2019,CME,CME GROUP INC,0.43477814297452755,2020,0.43107543615365707
2019,WYNN,WYNN RESORTS LTD,0.018602807188335856,2020,-0.9863464227828086
2019,NDAQ,NASDAQ INC,0.18160488033786953,2020,0.16580771281322196
2019,LKQ,LKQ CORP,0.04327964837024849,2020,0.05490002003640951
2019,AIZ,ASSURANT INC,0.03793076099456716,2020,0.04376510678765305
2019,CRM,SALESFORCE.COM INC,0.007369282957071003,2020,0.19160549595332205
2019,MKTX,MARKETAXESS HOLDINGS INC,0.3944861045599376,2020,0.43289409185752437
2019,DPZ,DOMINO'S PIZZA INC,0.11073059550002294,2020,0.11932158339305937
2019,MA,MASTERCARD INC,0.48083871349878576,2020,0.4189922227305405
2019,GOOGL,ALPHABET INC,0.2121811228430034,2020,0.22061941520980458
2019,EXR,EXTRA SPACE STORAGE INC,0.3164320239301685,2020,0.3456673112038256
2019,DLR,DIGITAL REALTY TRUST INC,0.1765783167464033,2020,0.09218297440226869
2019,LVS,LAS VEGAS SANDS CORP,0.19637528204381688,2020,-0.43360782295419453
2019,MOS,MOSAIC CO,-0.11984774822316789,2020,0.07672460462812583
2019,CE,CELANESE CORP,0.13530252501191042,2020,0.3510167992926614
2019,DXCM,DEXCOM INC,0.0684959349593496,2020,0.2561893392847875
2019,ICE,INTERCONTINENTAL EXCHANGE,0.2952497327020009,2020,0.25339640950994663
2019,CF,CF INDUSTRIES HOLDINGS INC,0.10740740740740741,2020,0.07686711930164888
2019,DISCA,DISCOVERY INC,0.18386575735821967,2020,0.11423484209539875
2019,AMP,AMERIPRISE FINANCIAL INC,0.1469036163277976,2020,0.12807881773399016
2019,UAA,UNDER ARMOUR INC,0.017493201233612525,2020,-0.12273025009458804
2019,LDOS,LEIDOS HOLDINGS INC,0.060122588786731566,2020,0.05106936651215744
2019,LYV,LIVE NATION ENTERTAINMENT,-0.0004227583222642873,2020,-0.9259485121788458
2019,CMG,CHIPOTLE MEXICAN GRILL INC,0.06268078603472131,2020,0.05944657601450649
2019,FIS,FIDELITY NATIONAL INFO SVCS,0.028839639988386723,2020,0.01258763543658381
2019,FB,FACEBOOK INC,0.2614679547929898,2020,0.3390449601582039
2019,FANG,DIAMONDBACK ENERGY INC,0.060544904137235116,2020,-1.6057589761820121
2019,PSX,PHILLIPS 66,0.02866915828618829,2020,-0.061984437617926366
2019,NOW,SERVICENOW INC,0.18110371609134915,2020,0.026220471186533683
2019,WU,WESTERN UNION CO,0.1999773246915213,2020,0.15394002068252327
2019,HBI,HANESBRANDS INC,0.08622457862674814,2020,-0.011340790924846382
2019,IPGP,IPG PHOTONICS CORP,0.13710376157878443,2020,0.13289648578690857
2019,DFS,DISCOVER FINANCIAL SVCS,0.2113803702909429,2020,0.08808770169072802
2019,MSCI,MSCI INC,0.36182401290027705,2020,0.3549755513480674
2019,ULTA,ULTA BEAUTY INC,0.09542288608323146,2020,0.02858198038899192
2019,AWK,AMERICAN WATER WORKS CO INC,0.17202216066481996,2020,0.18771511781837438
2019,PM,PHILIP MORRIS INTERNATIONAL,0.24106693507800706,2020,0.28075555865337704
2019,ATVI,ACTIVISION BLIZZARD INC,0.231622746185853,2020,0.2717041800643087
2019,VRSK,VERISK ANALYTICS INC,0.17256722028307314,2020,0.25594340300222657
2019,AVGO,BROADCOM INC,0.12054697526220294,2020,0.12391158740790355
2019,FTNT,FORTINET INC,0.15142380113162046,2020,0.18829016342892382
2019,CBOE,CBOE GLOBAL MARKETS INC,0.14999399062537558,2020,0.1366169647807184
2019,FLT,FLEETCOR TECHNOLOGIES INC,0.3379102915682591,2020,0.2947922749601797
2019,TSLA,TESLA INC,-0.03507201562372854,2020,0.022862760020294266
2019,HII,HUNTINGTON INGALLS IND INC,0.06169232498033487,2020,0.07435103087277001
2019,MPC,MARATHON PETROLEUM CORP,0.02127487918418059,2020,-0.1408160048152023
2019,FBHS,FORTUNE BRANDS HOME & SECUR,0.0749228047045762,2020,0.09081654434100127
2019,XYL,XYLEM INC,0.07639550390550581,2020,0.052091878589007386
2019,CBRE,CBRE GROUP INC,0.053668373490332814,2020,0.031561438996029374
2019,LYB,LYONDELLBASELL INDUSTRIES NV,0.09761856768508653,2020,0.051165639750657584
2019,ALLE,ALLEGION PLC,0.14078486334968465,2020,0.11555571896025589
